Name	Designation	RA(J2000)	Dec(J2000)	Vmag	ID	Con	#	WDS_J	HIP#	HD#	Approved	notes
Acamar	HR 897	44.565311	-40.304672	2.88	tet	Eri	-	02583-4018	13847	18622	2016-07-20	
Achernar	HR 472	24.428523	-57.236753	0.45	alf	Eri	-	-	7588	10144	2016-06-30	
Achird	HR 219	12.276213	57.815187	3.46	eta	Cas	A	00491+5749	3821	4614	2017-09-05	
Acrab	HR 5984	241.359300	-19.805453	2.56	bet	Sco	Aa	16054-1948	78820	144217	2016-08-21	
Acrux	HR 4730	186.649563	-63.099093	1.33	alf	Cru	Aa	12266-6306	60718	108248	2016-07-20	
Acubens	HR 3572	134.621761	11.857700	4.26	alf	Cnc	Aa	08585+1151	44066	76756	2016-07-20	
Adhafera	HR 4031	154.172567	23.417312	3.43	zet	Leo	Aa	10167+2325	50335	89025	2016-07-20	
Adhara	HR 2618	104.656453	-28.972086	1.50	eps	CMa	A	06586-2858	33579	52089	2016-08-21	
Adhil	HR 390	20.585080	45.528778	4.87	xi	And	-	-	6411	8207	2016-08-21	
Ain	HR 1409	67.154163	19.180435	3.53	eps	Tau	Aa1	04286+1911	20889	28305	2015-12-15	
Ainalrami	HR 7116	283.542404	-22.744840	4.86	nu01	Sgr	A	18542-2245	92761	174974	2017-09-05	
Aladfar	HR 7298	288.439531	39.145970	4.43	eta	Lyr	Aa	19138+3909	94481	180163	2017-09-05	
Albaldah	HR 7264	287.440971	-21.023615	2.88	pi	Sgr	A	19098-2101	94141	178524	2017-09-05	
Albali	HR 7950	311.918969	-9.495775	3.78	eps	Aqr	-	-	102618	198001	2016-09-12	
Albireo	HR 7417	292.680351	27.959692	3.37	bet	Cyg	Aa	19307+2758	95947	183912	2016-07-20	
Alchiba	HR 4623	182.103402	-24.728875	4.02	alf	Crv	-	-	59199	105452	2016-09-12	
Alcor	HR 5062	201.306403	54.987954	3.99	80	UMa	Ca	13239+5456	65477	116842	2016-06-30	*
Alcyone	HR 1165	56.871152	24.105136	2.85	eta	Tau	A	03475+2406	17702	23630	2016-06-30	
Aldebaran	HR 1457	68.980163	16.509302	0.87	alf	Tau	-	04359+1631	21421	29139	2016-06-30	
Alderamin	HR 8162	319.644885	62.585574	2.45	alf	Cep	-	21186+6235	105199	203280	2016-07-20	
Aldhanab	HR 8353	328.482192	-37.364855	3.00	gam	Gru	-	-	108085	207971	2017-09-05	
Aldhibah	HR 6396	257.196650	65.714684	3.17	zet	Dra	A	17088+6543	83895	155763	2017-09-05	
Aldulfin	HR 7852	308.303216	11.303261	4.03	eps	Del	-	-	101421	195810	2017-09-05	
Alfirk	HR 8238	322.164987	70.560715	3.23	bet	Cep	Aa	21287+7034	106032	205021	2016-08-21	
Algedi	HR 7754	304.513566	-12.544852	3.58	alf02	Cap	A	20181-1233	100064	192947	2016-08-21	
Algenib	HR 39	3.308963	15.183594	2.83	gam	Peg	-	00132+1511	1067	886	2016-06-30	
Algieba	HR 4057	154.993144	19.841489	2.61	gam01	Leo	-	10200+1950	50583	89484	2016-07-20	
Algol	HR 936	47.042215	40.955648	2.09	bet	Per	Aa1	03082+4057	14576	19356	2016-06-30	
Algorab	HR 4757	187.466063	-16.515431	2.94	del	Crv	A	12299-1631	60965	108767	2016-07-20	
Alhena	HR 2421	99.427960	16.399280	1.93	gam	Gem	Aa	06377+1624	31681	47105	2016-07-20	
Alioth	HR 4905	193.507290	55.959823	1.76	eps	UMa	A	12540+5558	62956	112185	2016-06-30	
Aljanah	HR 7949	311.552843	33.970257	2.48	eps	Cyg	Aa	20462+3358	102488	197989	2017-06-30	
Alkaid	HR 5191	206.885157	49.313267	1.85	eta	UMa	-	-	67301	120315	2016-06-30	
Alkalurops	HR 5733	231.122618	37.377169	4.31	mu01	Boo	Aa	15245+3723	75411	137391	2016-08-21	
Alkaphrah	HR 3594	135.906365	47.156525	4.16	kap	UMa	A	09036+4709	44471	77327	2017-09-05	
Alkarab	HR 8905	351.344931	23.404100	4.42	ups	Peg	-	-	115623	220657	2017-09-05	
Alkes	HR 4287	164.943604	-18.298783	4.08	alf	Crt	-	-	53740	95272	2016-09-12	
Almaaz	HR 1605	75.492219	43.823307	3.03	eps	Aur	-	05020+4349	23416	31964	2017-02-01	
Almach	HR 603	30.974804	42.329725	2.10	gam01	And	-	02039+4220	9640	12533	2016-07-20	
Alnair	HR 8425	332.058270	-46.960974	1.73	alf	Gru	-	22082-4658	109268	209952	2016-07-20	
Alnasl	HR 6746	271.452025	-30.424100	2.98	gam02	Sgr	-	-	88635	165135	2016-08-21	
Alnilam	HR 1903	84.053389	-1.201919	1.69	eps	Ori	-	05362-0112	26311	37128	2016-07-20	
Alnitak	HR 1948	85.189694	-1.942574	1.74	zet	Ori	Aa	05407-0157	26727	37742	2016-07-20	
Alniyat	HR 6084	245.297149	-25.592792	2.90	sig	Sco	Aa1	16212-2536	80112	147165	2017-02-01	
Alphard	HR 3748	141.896847	-8.658602	1.99	alf	Hya	-	09276-0840	46390	81797	2016-07-20	
Alphecca	HR 5793	233.671950	26.714693	2.22	alf	CrB	-	-	76267	139006	2016-07-20	
Alpheratz	HR 15	2.096916	29.090431	2.07	alf	And	Aa	00084+2905	677	358	2016-06-30	
Alrakis	HR 6370	256.333807	54.470078	5.55	mu	Dra	A	17053+5428	83608	154906	2017-02-01	
Alrescha	HR 596	30.511772	2.763735	3.82	alf	Psc	A	02020+0246	9487	12446	2016-08-21	
Alsafi	HR 7462	293.089960	69.661176	4.67	sig	Dra	-	19324+6940	96100	185144	2017-06-30	
Alsciaukat	HR 3275	125.708792	43.188131	4.25	31	Lyn	-	-	41075	70272	2017-06-30	
Alsephina	HR 3485	131.175944	-54.708819	1.99	del	Vel	Aa	08447-5443	42913	74956	2017-09-05	
Alshain	HR 7602	298.828304	6.406763	3.71	bet	Aql	A	19553+0624	98036	188512	2016-08-21	
Alshat	HR 7773	305.165898	-12.759079	4.77	nu	Cap	A	20207-1246	100310	193432	2017-06-30	
Altair	HR 7557	297.695827	8.868321	0.76	alf	Aql	-	19508+0852	97649	187642	2016-06-30	
Altais	HR 7310	288.138750	67.661541	3.07	del	Dra	-	19126+6740	94376	180711	2016-08-21	
Alterf	HR 3773	142.930115	22.967970	4.32	lam	Leo	-	-	46750	82308	2017-02-01	
Aludra	HR 2827	111.023760	-29.303106	2.45	eta	CMa	-	07241-2918	35904	58350	2016-07-20	
Alula Australis	HR 4375	169.545423	31.529161	4.41	xi	UMa	Aa	11182+3132	55203	98231	2016-07-20	
Alula Borealis	HR 4377	169.619737	33.094305	3.49	nu	UMa	-	11185+3306	55219	98262	2016-07-20	
Alya	HR 7141	284.054949	4.203602	4.62	tet01	Ser	A	18562+0412	92946	175638	2016-08-21	
Alzirr	HR 2484	101.322351	12.895592	3.35	xi	Gem	-	-	32362	48737	2017-06-30	
Ancha	HR 8499	334.208485	-7.783291	4.17	tet	Aqr	-	-	110003	211391	2016-09-12	
Angetenar	HR 850	42.759674	-21.004018	4.76	tau02	Eri	-	02510-2100	13288	17824	2017-06-30	
Ankaa	HR 99	6.570939	-42.306084	2.40	alf	Phe	-	00263-4218	2081	2261	2016-07-20	
Anser	HR 7405	292.176375	24.664903	4.44	alf	Vul	-	19287+2440	95771	183439	2017-06-30	
Antares	HR 6134	247.351915	-26.432003	1.06	alf	Sco	A	16294-2626	80763	148478	2016-06-30	
Arcturus	HR 5340	213.915300	19.182409	-0.05	alf	Boo	-	14157+1911	69673	124897	2016-06-30	
Arkab Posterior	HR 7343	290.804740	-44.799779	4.27	bet02	Sgr	-	-	95294	181623	2016-10-05	
Arkab Prior	HR 7337	290.659551	-44.458959	3.96	bet01	Sgr	-	19226-4428	95241	181454	2016-10-05	
Arneb	HR 1865	83.182567	-17.822289	2.58	alf	Lep	A	05327-1749	25985	36673	2016-07-20	
Ascella	HR 7194	285.653043	-29.880063	2.60	zet	Sgr	A	19026-2953	93506	176687	2016-09-12	
Asellus Australis	HR 3461	131.171248	18.154309	3.94	del	Cnc	Aa	08447+1809	42911	74442	2016-11-06	
Asellus Borealis	HR 3449	130.821442	21.468501	4.66	gam	Cnc	Aa	08433+2128	42806	74198	2016-11-06	
Aspidiske	HR 3699	139.272529	-59.275232	2.21	iot	Car	-	-	45556	80404	2016-07-20	
Asterope	HR 1151	56.476987	24.554512	5.76	21	Tau	A	03459+2433	17579	23432	2016-08-21	
Athebyne	HR 6132	245.997858	61.514214	2.73	eta	Dra	A	16240+6131	80331	148387	2017-09-05	
Atik	HR 1131	56.079720	32.288240	3.84	omi	Per	A	03443+3217	17448	23180	2016-09-12	
Atlas	HR 1178	57.290597	24.053415	3.62	27	Tau	Aa1	03492+2403	17847	23850	2016-08-21	
Atria	HR 6217	252.166229	-69.027712	1.91	alf	TrA	-	16487-6902	82273	150798	2016-07-20	
Avior	HR 3307	125.628480	-59.509484	1.86	eps	Car	A	08225-5931	41037	71129	2016-07-20	
Azelfafage	HR 8301	325.523602	51.189623	4.69	pi01	Cyg	-	-	107136	206672	2016-09-12	
Azha	HR 874	44.106873	-8.898145	3.89	eta	Eri	-	-	13701	18322	2016-09-12	
Barnard's Star	GJ 699	269.454023	4.668288	9.54	V2500	Oph	-	-	87937	-	2017-02-01	
Baten Kaitos	HR 539	27.865137	-10.335044	3.74	zet	Cet	Aa	01515-1020	8645	11353	2016-09-12	
Beemim	HR 1393	66.009239	-34.016848	3.97	ups03	Eri	-	-	20535	28028	2017-06-30	
Beid	HR 1298	62.966415	-6.837580	4.04	omi01	Eri	-	-	19587	26574	2016-09-12	
Bellatrix	HR 1790	81.282764	6.349703	1.64	gam	Ori	-	05251+0621	25336	35468	2016-06-30	
Betelgeuse	HR 2061	88.792939	7.407064	0.45	alf	Ori	Aa	05552+0724	27989	39801	2016-06-30	
Bharani	HR 838	42.495972	27.260507	3.61	41	Ari	Aa	02500+2716	13209	17573	2017-06-30	
Biham	HR 8450	332.549939	6.197863	3.52	tet	Peg	-	-	109427	210418	2016-08-21	
Botein	HR 951	47.907356	19.726674	4.35	del	Ari	-	-	14838	19787	2016-09-12	
Brachium	HR 5603	226.017567	-25.281961	3.25	sig	Lib	A	15041-2517	73714	133216	2017-09-05	
Canopus	HR 2326	95.987958	-52.695661	-0.62	alf	Car	A	06240-5242	30438	45348	2016-06-30	
Capella	HR 1708	79.172328	45.997991	0.08	alf	Aur	Aa	05167+4600	24608	34029	2016-06-30	
Caph	HR 21	2.294522	59.149781	2.28	bet	Cas	A	00092+5909	746	432	2016-06-30	
Castor	HR 2891	113.649428	31.888276	1.98	alf	Gem	Aa	07346+3153	36850	60179	2016-06-30	
Castula	HR 265	14.166271	59.181055	4.62	ups02	Cas	-	-	4422	5395	2017-09-05	
Cebalrai	HR 6603	265.868136	4.567300	2.76	bet	Oph	-	-	86742	161096	2016-08-21	
Celaeno	HR 1140	56.200893	24.289468	5.45	16	Tau	-	03448+2417	17489	23288	2016-08-21	
Cervantes	HR 6585	266.036255	-51.834051	5.15	mu	Ara	-	-	86796	160691	2015-12-15	
Chalawan	HR 4277	164.866553	40.430256	5.03	47	UMa	-	-	53721	95128	2015-12-15	
Chamukuy	HR 1412	67.165586	15.870882	3.73	tet02	Tau	Aa	04287+1552	20894	28319	2017-09-05	
Chara	HR 4785	188.435603	41.357479	4.24	bet	CVn	Aa	12337+4121	61317	109358	2016-07-20	
Chertan	HR 4359	168.560019	15.429571	3.33	tet	Leo	-	-	54879	97633	2016-07-20	
Copernicus	HR 3522	133.149212	28.330820	5.95	55	Cnc	A	08526+2820	43587	75732	2015-12-15	
Cor Caroli	HR 4915	194.006943	38.318376	2.89	alf02	CVn	Aa	12560+3819	63125	112413	2016-07-20	
Cujam	HR 6117	246.353979	14.033274	4.57	ome	Her	A	16254+1402	80463	148112	2017-02-01	
Cursa	HR 1666	76.962440	-5.086446	2.78	bet	Eri	-	05078-0505	23875	33111	2016-07-20	
Dabih	HR 7776	305.252803	-14.781405	3.05	bet01	Cap	Aa	20210-1447	100345	193495	2016-08-21	
Dalim	HR 963	48.018864	-28.987620	3.86	alf	For	A	03121-2859	14879	20010	2017-09-05	
Deneb	HR 7924	310.357980	45.280339	1.25	alf	Cyg	-	20414+4517	102098	197345	2016-06-30	
Deneb Algedi	HR 8322	326.760184	-16.127287	2.85	del	Cap	Aa	21470-1608	107556	207098	2017-02-01	
Denebola	HR 4534	177.264910	14.572058	2.14	bet	Leo	-	11491+1434	57632	102647	2016-06-30	
Diadem	HR 4968	197.497029	17.529447	4.85	alf	Com	A	13100+1732	64241	114378	2017-02-01	
Diphda	HR 188	10.897379	-17.986606	2.04	bet	Cet	-	-	3419	4128	2016-08-21	
Dschubba	HR 5953	240.083359	-22.621710	2.29	del	Sco	A	16003-2237	78401	143275	2016-08-21	
Dubhe	HR 4301	165.931965	61.751035	1.81	alf	UMa	A	11037+6145	54061	95689	2016-06-30	
Dziban	HR 6636	265.484814	72.148847	4.57	psi01	Dra	A	17419+7209	86614	162003	2017-09-05	
Edasich	HR 5744	231.232396	58.966063	3.29	iot	Dra	-	15249+5858	75458	137759	2015-12-15	
Electra	HR 1142	56.218904	24.113336	3.72	17	Tau	-	03449+2407	17499	23302	2016-08-21	
Elnath	HR 1791	81.572971	28.607452	1.65	bet	Tau	Aa	05263+2836	25428	35497	2016-07-20	
Eltanin	HR 6705	269.151541	51.488896	2.24	gam	Dra	-	17566+5129	87833	164058	2016-08-21	
Enif	HR 8308	326.046484	9.875009	2.38	eps	Peg	-	21442+0953	107315	206778	2016-07-20	
Errai	HR 8974	354.836655	77.632313	3.21	gam	Cep	Aa	23393+7738	116727	222404	2015-12-15	
Fafnir	HR 6945	276.496406	65.563480	4.82	42	Dra	A	18260+6534	90344	170693	2015-12-15	
Fang	HR 5944	239.712972	-26.114108	2.89	pi	Sco	Aa	15589-2607	78265	143018	2017-06-30	
Fomalhaut	HR 8728	344.412693	-29.622237	1.17	alf	PsA	A	22577-2937	113368	216956	2015-12-15	
Fulu	HR 153	9.242851	53.896908	3.69	zet	Cas	-	-	2920	3360	2017-06-30	
Furud	HR 2282	95.078300	-30.063367	3.02	zet	CMa	Aa	06203-3004	30122	44402	2016-07-20	
Fuyue	HR 6630	267.464503	-37.043305	3.19	-	Sco	-	17499-3703	87261	161892	2017-06-30	
Gacrux	HR 4763	187.791498	-57.113213	1.59	gam	Cru	-	12312-5707	61084	108903	2016-07-20	
Giausar	HR 4434	172.850920	69.331075	3.82	lam	Dra	-	-	56211	100029	2017-02-01	
Gienah	HR 4662	183.951543	-17.541929	2.58	gam	Crv	A	12158-1733	59803	106625	2016-11-06	
Gomeisa	HR 2845	111.787674	8.289316	2.89	bet	CMi	A	07272+0817	36188	58715	2016-07-20	
Grumium	HR 6688	268.382207	56.872646	3.73	xi	Dra	A	17535+5652	87585	163588	2016-09-12	
Hadar	HR 5267	210.955856	-60.373035	0.61	bet	Cen	Aa	14038-6022	68702	122451	2016-08-21	
Haedus	HR 1641	76.628722	41.234476	3.18	eta	Aur	-	-	23767	32630	2017-06-30	
Hamal	HR 617	31.793357	23.462418	2.01	alf	Ari	-	-	9884	12929	2016-07-20	
Hassaleh	HR 1577	74.248421	33.166100	2.69	iot	Aur	-	-	23015	31398	2017-06-30	
Hatysa	HR 1899	83.858258	-05.909901	2.80	iot	Ori	Aa	05354-0555	26241	37043	2017-09-05	
Helvetios	HR 8729	344.366583	20.768831	5.49	51	Peg	-	22575+2046	113357	217014	2015-12-15	
Homam	HR 8634	340.365503	10.831363	3.41	zet	Peg	A	22415+1050	112029	214923	2016-08-21	
Iklil	HR 5928	239.221151	-29.214073	3.87	rho	Sco	Aa	15569-2913	78104	142669	2017-09-05	
Intercrus	HR 3743	142.166618	45.601482	5.41	-	UMa	-	09287+4536	46471	81688	2015-12-15	
Izar	HR 5506	221.246763	27.074207	2.35	eps	Boo	A	14450+2704	72105	129988	2016-08-21	
Jabbah	HR 6027	242.998894	-19.460708	4.50	nu	Sco	Aa	16120-1928	79374	145502	2017-06-30	
Jishui	HR 2930	114.791387	34.584346	4.89	omi	Gem	-	-	37265	61110	2017-06-30	
Kaffaljidhma	HR 804	40.825163	3.235816	3.56	gam	Cet	A	02433+0314	12706	16970	2017-02-01	
Kang	HR 5315	213.223939	-10.273704	4.18	kap	Vir	-	-	69427	124294	2017-06-30	
Kaus Australis	HR 6879	276.042993	-34.384616	1.79	eps	Sgr	A	18242-3423	90185	169022	2016-07-20	
Kaus Borealis	HR 6913	276.992668	-25.421701	2.82	lam	Sgr	-	18280-2525	90496	169916	2016-07-20	
Kaus Media	HR 6859	275.248508	-29.828104	2.72	del	Sgr	-	18210-2950	89931	168454	2016-07-20	
Keid	HR 1325	63.817999	-7.652872	4.43	omi02	Eri	A	04153-0739	19849	26965	2016-09-12	
Khambalia	HR 5359	214.777468	-13.371096	4.52	lam	Vir	A	14191-1322	69974	125337	2017-09-05	
Kitalpha	HR 8131	318.955949	5.247865	3.92	alf	Equ	A	21158+0515	104987	202447	2016-08-21	
Kochab	HR 5563	222.676357	74.155504	2.07	bet	UMi	-	14507+7409	72607	131873	2016-07-20	
Kornephoros	HR 6148	247.554998	21.489611	2.78	bet	Her	Aa	16302+2129	80816	148856	2016-08-21	
Kurhah	HR 8417	330.947724	64.627971	4.26	xi	Cep	Aa	22038+6438	108917	209790	2016-09-12	
Lesath	HR 6508	262.690979	-37.295813	2.70	ups	Sco	-	-	85696	158408	2016-08-21	
Libertas	HR 7595	298.562008	8.461453	4.71	xi	Aql	A	19542+0828	97938	188310	2015-12-15	
Lich	PSR B1257+12	195.012701	12.682417	-	-	Vir	-	-	-	-	2015-12-15	
Lilii Borea	HR 824	41.977256	29.247115	4.52	39	Ari	-	-	13061	17361	2017-09-05	
Maasym	HR 6526	262.684626	26.110645	4.41	lam	Her	-	-	85693	158899	2016-09-12	
Mahasim	HR 2095	89.930292	37.212585	2.65	tet	Aur	A	05597+3713	28380	40312	2017-06-30	
Maia	HR 1149	56.456695	24.367751	3.87	20	Tau	-	03458+2422	17573	23408	2016-07-20	
Marfik	HR 6149	247.728453	1.983888	3.82	lam	Oph	A	16309+0159	80883	148857	2016-09-12	
Markab	HR 8781	346.190223	15.205267	2.49	alf	Peg	-	-	113963	218045	2016-06-30	
Markeb	HR 3734	140.528407	-55.010667	2.47	kap	Vel	-	-	45941	81188	2017-09-05	
Marsic	HR 6008	242.018857	17.046980	5.00	kap	Her	A	16081+1703	79043	145001	2017-02-01	
Matar	HR 8650	340.750579	30.221244	2.93	eta	Peg	Aa	22430+3013	112158	215182	2016-08-21	
Mebsuta	HR 2473	100.983026	25.131127	3.06	eps	Gem	-	06439+2508	32246	48329	2016-07-20	
Megrez	HR 4660	183.856503	57.032615	3.32	del	UMa	-	12154+5702	59774	106591	2016-06-30	
Meissa	HR 1879	83.784486	9.934156	3.39	lam	Ori	A	05351+0956	26207	36861	2016-07-20	
Mekbuda	HR 2650	106.027215	20.570295	4.01	zet	Gem	Aa	07041+2034	34088	52973	2016-09-12	
Meleph	HR 3429	130.112544	19.544809	6.29	eps	Cnc	Aa	08405+1933	42556	73731	2017-09-05	
Menkalinan	HR 2088	89.882179	44.947433	1.90	bet	Aur	Aa	05595+4457	28360	40183	2016-07-20	
Menkar	HR 911	45.569885	4.089737	2.54	alf	Cet	-	-	14135	18884	2016-06-30	
Menkent	HR 5288	211.670617	-36.369958	2.06	tet	Cen	-	14067-3622	68933	123139	2016-08-21	
Menkib	HR 1228	59.741253	35.791032	3.98	xi	Per	-	03590+3547	18614	24912	2016-09-12	
Merak	HR 4295	165.460319	56.382426	2.34	bet	UMa	-	-	53910	95418	2016-06-30	
Merga	HR 5533	222.327791	46.116206	5.76	38	Boo	-	-	72487	130945	2016-09-12	
Meridiana	HR 7254	287.368087	-37.904473	4.11	alf	CrA	-	-	94114	178253	2017-09-05	
Merope	HR 1156	56.581552	23.948348	4.14	23	Tau	Aa	03463+2357	17608	23480	2016-07-20	
Mesarthim	HR 546	28.382560	19.293852	4.75	gam02	Ari	A	01535+1918	8832	11502	2016-08-21	
Miaplacidus	HR 3685	138.299906	-69.717208	1.67	bet	Car	-	-	45238	80007	2016-07-20	
Mimosa	HR 4853	191.930263	-59.688764	1.25	bet	Cru	-	12477-5941	62434	111123	2016-07-20	
Minchir	HR 3418	129.689323	3.341436	4.45	sig	Hya	-	-	42402	73471	2017-09-05	
Minelauva	HR 4910	193.900869	3.397470	3.39	del	Vir	-	12556+0324	63090	112300	2017-06-30	
Mintaka	HR 1852	83.001667	-0.299095	2.25	del	Ori	Aa	05320-0018	25930	36486	2016-07-20	
Mira	HR 681	34.836617	-2.977640	6.47	omi	Cet	Aa	02193-0259	10826	14386	2016-06-30	
Mirach	HR 337	17.433013	35.620557	2.07	bet	And	-	01097+3537	5447	6860	2016-06-30	
Miram	HR 834	42.674207	55.895497	3.77	eta	Per	A	02507+5554	13268	17506	2017-09-05	
Mirfak	HR 1017	51.080709	49.861179	1.79	alf	Per	-	03243+4952	15863	20902	2016-07-20	
Mirzam	HR 2294	95.674939	-17.955919	1.98	bet	CMa	-	06227-1757	30324	44743	2016-07-20	
Misam	HR 941	47.374048	44.857541	3.79	kap	Per	Aa	03095+4451	14668	19476	2017-09-05	
Mizar	HR 5054	200.981429	54.925362	2.23	zet	UMa	Aa	13239+5456	65378	116656	2016-06-30	
Mothallah	HR 544	28.270450	29.578826	3.42	alf	Tri	-	01531+2935	8796	11443	2016-08-21	
Muliphein	HR 2657	105.939554	-15.633286	4.11	gam	CMa	-	-	34045	53244	2016-08-21	
Muphrid	HR 5235	208.671161	18.397717	2.68	eta	Boo	Aa	13547+1824	67927	121370	2016-09-12	
Muscida	HR 3323	127.566128	60.718170	3.35	omi	UMa	A	08303+6043	41704	71369	2016-07-20	
Musica	HR 8030	314.608058	10.839286	5.48	18	Del	-	20584+1050	103527	199665	2015-12-15	
Naos	HR 3165	120.896031	-40.003148	2.21	zet	Pup	-	-	39429	66811	2016-08-21	
Nashira	HR 8278	325.022735	-16.662308	3.69	gam	Cap	A	-	106985	206088	2016-08-21	
Nekkar	HR 5602	225.486510	40.390567	3.49	bet	Boo	-	-	73555	133208	2016-08-21	
Nembus	HR 464	24.498154	48.628214	3.59	51	And	-	-	7607	9927	2017-09-05	
Nihal	HR 1829	82.061346	-20.759441	2.83	bet	Lep	A	05282-2046	25606	36079	2016-07-20	
Nunki	HR 7121	283.816360	-26.296724	2.05	sig	Sgr	Aa	18553-2618	92855	175191	2016-08-21	
Nusakan	HR 5747	231.957211	29.105699	3.90	bet	CrB	A	15278+2906	75695	137909	2016-09-12	
Ogma	HD 149026	247.623409	38.347311	8.16	-	Her	-	-	80838	149026	2015-12-15	
Peacock	HR 7790	306.411904	-56.735090	1.94	alf	Pav	Aa	20256-5644	100751	193924	2016-07-20	
Phact	HR 1956	84.912254	-34.074110	2.65	alf	Col	-	05396-3404	26634	37795	2016-07-20	
Phecda	HR 4554	178.457679	53.694758	2.41	gam	UMa	Aa	11538+5342	58001	103287	2016-07-20	
Pherkad	HR 5735	230.182150	71.834017	3.00	gam	UMi	-	-	75097	137422	2016-08-21	
Pipirima	HR 6252	253.083939	-38.017535	3.56	mu02	Sco	A	16523-3801	82545	151985	2017-09-05	@
Pleione	HR 1180	57.296738	24.136710	5.05	28	Tau	Aa	03492+2408	17851	23862	2016-06-30	
Polaris	HR 424	37.954561	89.264109	2.13	alf	UMi	Aa	02318+8916	11767	8890	2016-06-30	
Polaris Australis	HR 7228	317.195164	-88.956499	5.45	sig	Oct	-	-	104382	177482	2017-09-05	
Polis	HR 6812	273.440870	-21.058832	3.84	mu01	Sgr	Aa	18138-2104	89341	166937	2017-09-05	
Pollux	HR 2990	116.328958	28.026199	1.16	bet	Gem	-	07453+2802	37826	62509	2016-06-30	
Porrima	HR 4825	190.415181	-1.449373	3.44	gam	Vir	A	12417-0127	61941	110379	2016-07-20	
Praecipua	HR 4247	163.327937	34.214872	3.79	46	LMi	-	-	53229	94264	2017-06-30	
Prima Hyadum	HR 1346	64.948349	15.627643	3.65	gam	Tau	A	04198+1538	20205	27371	2017-09-05	
Procyon	HR 2943	114.825493	5.224993	0.40	alf	CMi	A	07393+0514	37279	61421	2016-06-30	
Propus	HR 2216	93.719405	22.506794	3.32	eta	Gem	A	06149+2230	29655	42995	2016-07-20	
Proxima Centauri	GJ 551	217.428953	-62.679484	11.01	alf	Cen	C	14396-6050	70890	999999	2016-08-21	
Ran	HR 1084	53.232687	-9.458259	3.73	eps	Eri	-	03329-0927	16537	22049	2015-12-15	
Rasalas	HR 3905	148.190903	26.006953	3.88	mu	Leo	-	-	48455	85503	2016-09-12	
Rasalgethi	HR 6406	258.661910	14.390333	3.37	alf01	Her	Aa	17146+1423	84345	156014	2016-06-30	
Rasalhague	HR 6556	263.733627	12.560035	2.08	alf	Oph	A	17349+1234	86032	159561	2016-07-20	
Rastaban	HR 6536	262.608174	52.301389	2.79	bet	Dra	A	17304+5218	85670	159181	2016-08-21	
Regulus	HR 3982	152.092962	11.967209	1.36	alf	Leo	A	10084+1158	49669	87901	2016-06-30	
Revati	HR 361	18.432864	7.575354	5.21	zet	Psc	A	01137+0735	5737	7344	2017-06-30	
Rigel	HR 1713	78.634467	-8.201638	0.18	bet	Ori	A	05145-0812	24436	34085	2016-06-30	
Rigil Kentaurus	HR 5459	219.902066	-60.833975	-0.01	alf	Cen	A	14396-6050	71683	128620	2016-11-06	
Rotanev	HR 7882	309.387235	14.595115	3.64	bet	Del	A	20375+1436	101769	196524	2016-09-12	
Ruchbah	HR 403	21.453964	60.235284	2.66	del	Cas	Aa	01258+6014	6686	8538	2016-08-21	
Rukbat	HR 7348	290.971570	-40.615940	3.96	alf	Sgr	-	-	95347	181869	2016-07-20	
Sabik	HR 6378	257.594529	-15.724907	2.43	eta	Oph	A	17104-1544	84012	155125	2016-08-21	
Saclateni	HR 1612	75.619531	41.075839	3.69	zet	Aur	A	05025+4105	23453	32068	2017-06-30	
Sadachbia	HR 8518	335.414064	-1.387334	3.86	gam	Aqr	Aa	22217-0123	110395	212061	2016-08-21	
Sadalbari	HR 8684	342.500809	24.601577	3.51	mu	Peg	-	-	112748	216131	2016-08-21	
Sadalmelik	HR 8414	331.445983	-0.319849	2.95	alf	Aqr	A	22058-0019	109074	209750	2016-08-21	
Sadalsuud	HR 8232	322.889715	-5.571176	2.90	bet	Aqr	A	21316-0534	106278	204867	2016-08-21	
Sadr	HR 7796	305.557091	40.256679	2.23	gam	Cyg	A	20222+4015	100453	194093	2016-08-21	
Saiph	HR 2004	86.939120	-9.669605	2.07	kap	Ori	-	-	27366	38771	2016-07-20	
Salm	HR 8880	350.159341	23.740336	4.58	tau	Peg	-	-	115250	220061	2017-09-05	
Sargas	HR 6553	264.329711	-42.997824	1.86	tet	Sco	A	17373-4300	86228	159532	2016-08-21	
Sarin	HR 6410	258.757963	24.839204	3.12	del	Her	Aa	17150+2450	84379	156164	2016-09-12	
Sceptrum	HR 1481	69.545104	-14.304017	4.02	53	Eri	A	04382-1418	21594	29503	2017-06-30	
Scheat	HR 8775	345.943572	28.082785	2.44	bet	Peg	-	23038+2805	113881	217906	2016-06-30	
Schedar	HR 168	10.126838	56.537331	2.24	alf	Cas	-	00405+5632	3179	3712	2016-08-21	
Secunda Hyadum	HR 1373	65.733719	17.542514	3.78	del	Tau	Aa	04230+1732	20455	27697	2017-09-05	
Segin	HR 0542	28.598857	63.670101	3.35	eps	Cas	-	-	8886	11415	2017-09-05	
Seginus	HR 5435	218.019466	38.308251	3.04	gam	Boo	Aa	14321+3818	71075	127762	2016-08-21	
Sham	HR 7479	295.024133	18.013891	4.39	alf	Sge	-	19401+1801	96757	185758	2016-09-12	
Shaula	HR 6527	263.402167	-37.103824	2.08	lam	Sco	Aa	17336-3706	85927	158926	2016-07-20	
Sheliak	HR 7106	282.519978	33.362668	3.60	bet	Lyr	Aa1	18501+3322	92420	174638	2016-08-21	
Sheratan	HR 553	28.660046	20.808031	2.70	bet	Ari	A	01546+2049	8903	11636	2016-07-20	
Sirius	HR 2491	101.287155	-16.716116	-1.45	alf	CMa	A	06451-1643	32349	48915	2016-06-30	
Situla	HR 8610	339.439084	-4.228056	5.04	kap	Aqr	A	22378-0414	111710	214376	2016-09-12	
Skat	HR 8709	343.662556	-15.820827	3.27	del	Aqr	A	-	113136	216627	2016-08-21	
Spica	HR 5056	201.298247	-11.161319	0.98	alf	Vir	Aa	13252-1110	65474	116658	2016-06-30	
Sualocin	HR 7906	309.909530	15.912073	3.86	alf	Del	Aa	20396+1555	101958	196867	2016-09-12	
Subra	HR 3852	145.287640	9.892308	3.52	omi	Leo	Aa	09412+0954	47508	83808	2016-09-12	
Suhail	HR 3634	136.998993	-43.432589	2.23	lam	Vel	-	09080-4326	44816	78647	2016-08-21	
Sulafat	HR 7178	284.735928	32.689557	3.25	gam	Lyr	-	18589+3241	93194	176437	2016-08-21	
Syrma	HR 5338	214.003623	-6.000545	4.07	iot	Vir	-	-	69701	124850	2016-09-12	
Tabit	HR 1543	72.460045	6.961275	3.19	pi03	Ori	-	04498+0658	22449	30652	2017-09-05	
Taiyangshou	HR 4518	176.512559	47.779406	3.69	chi	UMa	-	-	57399	102224	2017-06-30	
Taiyi	HR 4916	193.868951	65.438474	5.23	8	Dra	-	-	63076	112429	2017-06-30	
Talitha	HR 3569	134.801890	48.041826	3.12	iot	UMa	Aa	08592+4803	44127	76644	2016-07-20	
Tania Australis	HR 4069	155.582250	41.499519	3.06	mu	UMa	A	-	50801	89758	2016-07-20	
Tania Borealis	HR 4033	154.274095	42.914356	3.45	lam	UMa	A	-	50372	89021	2016-07-20	
Tarazed	HR 7525	296.564915	10.613262	2.72	gam	Aql	-	19463+1037	97278	186791	2016-08-21	
Taygeta	HR 1145	56.302063	24.467270	4.30	19	Tau	Aa	03452+2428	17531	23338	2016-08-21	
Tegmine	HR 3208	123.053168	17.647801	5.24	zet01	Cnc	A	08122+1739	40167	68255	2016-09-12	
Tejat	HR 2286	95.740112	22.513583	2.87	mu	Gem	Aa	06230+2231	30343	44478	2017-02-01	
Terebellum	HR 7597	298.959838	-26.299534	4.70	ome	Sgr	A	-	98066	188376	2017-09-05	
Theemin	HR 1464	68.887660	-30.562341	3.81	ups02	Eri	-	-	21393	29291	2017-02-01	
Thuban	HR 5291	211.097291	64.375851	3.67	alf	Dra	A	14044+6423	68756	123299	2016-06-30	
Tiaki	HR 8636	340.666876	-46.884576	2.12	bet	Gru	-	-	112122	214952	2017-09-05	
Tianguan	HR 1910	84.411189	21.142544	2.97	zet	Tau	A	-	26451	37202	2017-06-30	
Tianyi	HR 4863	191.893099	66.790305	5.43	7	Dra	-	-	62423	111335	2017-06-30	
Titawin	HR 458	24.199342	41.405457	4.09	ups	And	A	01368+4124	7513	9826	2015-12-15	
Tonatiuh	HR 4609	181.312995	76.905735	5.80	-	Cam	-	-	58952	104985	2015-12-15	
Torcular	HR 510	026.348466	9.157737	4.29	omi	Psc	A	01454+0909	8198	10761	2017-09-05	
Tureis	HR 3185	121.886037	-24.304324	2.83	rho	Pup	A	08075-2418	39757	67523	2016-09-12	
Unukalhai	HR 5854	236.066976	6.425629	2.63	alf	Ser	-	15443+0626	77070	140573	2016-08-21	
Unurgunite	HR 2646	105.429782	-27.934830	3.49	sig	CMa	-	07017-2756	33856	52877	2017-09-05	
Vega	HR 7001	279.234735	38.783689	0.03	alf	Lyr	-	18369+3846	91262	172167	2016-06-30	
Veritate	HR 8930	352.822556	39.236197	5.22	14	And	A	23313+3914	116076	221345	2015-12-15	
Vindemiatrix	HR 4932	195.544157	10.959149	2.85	eps	Vir	-	13022+1058	63608	113226	2016-07-20	
Wasat	HR 2777	110.030749	21.982316	3.52	del	Gem	Aa	07201+2159	35550	56986	2016-08-21	
Wazn	HR 2040	87.739968	-35.768310	3.12	bet	Col	-	05510-3546	27628	39425	2016-07-20	
Wezen	HR 2693	107.097850	-26.393200	1.83	del	CMa	Aa	07084-2624	34444	54605	2016-07-20	
Xamidimura	HR 6247	252.967630	-38.047380	3.00	mu01	Sco	Aa	16519-3803	82514	151890	2017-09-05	@
Xuange	HR 5351	214.095912	46.088306	4.18	lam	Boo	-	14164+4605	69732	125162	2017-06-30	
Yed Posterior	HR 6075	244.580374	-4.692510	3.23	eps	Oph	-	16183-0442	79882	146791	2016-10-05	
Yed Prior	HR 6056	243.586411	-3.694323	2.73	del	Oph	-	16143-0342	79593	146051	2016-10-05	
Yildun	HR 6789	263.054126	86.586462	4.35	del	UMi	-	17322+8635	85822	166205	2016-08-21	
Zaniah	HR 4689	184.976476	-0.666793	4.60	eta	Vir	Aa	12199-0040	60129	107259	2016-09-12	
Zaurak	HR 1231	59.507360	-13.508516	2.97	gam	Eri	-	03580-1331	18543	25025	2016-07-20	
Zavijava	HR 4540	177.673826	1.764717	3.59	bet	Vir	-	11507+0146	57757	102870	2016-08-21	
Zhang	HR 3903	147.869558	-14.846603	4.11	ups01	Hya	A	-	48356	85444	2017-06-30	
Zibal	HR 984	48.958436	-8.819731	4.80	zet	Eri	Aa	03158-0849	15197	20320	2016-09-12	
Zosma	HR 4357	168.527089	20.523718	2.56	del	Leo	-	11141+2031	54872	97603	2016-07-20	
Zubenelgenubi	HR 5531	222.719638	-16.041777	2.75	alf02	Lib	Aa	14509-1603	72622	130841	2016-08-21	
Zubenelhakrabi	HR 5787	233.881578	-14.789536	3.91	gam	Lib	A	15355-1447	76333	138905	2017-09-05	
Zubeneschamali	HR 5685	229.251724	-9.382914	2.61	bet	Lib	-	-	74785	135742	2016-08-21	
